asia,europe,usa
Абадан,Афины,Аврора
Абай,Барселона,Альбукерке
Абботтабад,Белград,Анахайм
Абдул-Хаким,Берлин,Анкоридж
Абха,Бирмингем,Арлингтон
Аваби,Будапешт,Атланта
Авали,Бухарест,Балтимор
Аванос,Варшава,Батон-Руж
Авсаллар,Вена,Баффало
Агдаш,Волгоград,Бейкерсфилд
Агджабеди,Воронеж,Бойсе
Агиос Атанасиос,Гамбург,Бостон
Агиос Дометиос,Днепропетровск,Вашингтон
Агланция,Донецк,Вирджиния-Бич
Агра,Екатеринбург,Гарленд
Агры,Казань,Гилберт
Адам,Кёльн,Глендейл
Адана,Киев,Гонолулу
Адапазары,Красноярск,Гринсборо
Ад-Дулайл,Лондон,Даллас
Аджарлар,Мадрид,Дарем
Аджигабул,Милан,Денвер
Аджипаям,Минск,Детройт
Аджлун,Москва,Джерси-Сити
Адильджеваз,Мюнхен,Джэксонвилл
Адыяман,Нижний Новгород,Индианаполис
Азми эль-Муфти,Новосибирск,Ирвайн
Айбасты,Одесса,Ирвинг
Айваджик,Омск,Канзас-Сити
Айвалык,Париж,Кливленд
Айдаркен,Пермь,Коламбус
Айдун,Прага,Колорадо-Спрингс
Айдын,Рим,Корпус-Кристи
Айдынджик,Ростов-на-Дону,Лаббок
Айн эль-Баша,Самара,Ларедо
Акаба,Санкт-Петербург,Лас-Вегас
Акбез,София,Лексингтон
Акдагмадени,Уфа,Линкольн
Акко,Харьков,Лонг-Бич
Акколь,Челябинск,Лос-Анджелес
Аксай,,Луисвилл
Аксарай,,Майами
Акстафа,,Мемфис
Аксу,,Меса
Актау,,Милуоки
Актепе,,Миннеаполис
Актюбинск,,Мэдисон
Акхисар,,Новый Орлеан
Акчаабат,,Норфолк
Акчадаг,,Ньюарк
Акчай,,Нью-Йорк
Акчакале,,Нэшвилл
Акчакоджа,,Оклахома-Сити
Акшехир,,Окленд
Акьюрт,,Омаха
Акязы,,Орландо
Аладжа,,Остин
Аланья,,Питтсбург
Алаплы,,Плано
Алачам,,Портленд
Алашехир,,Риверсайд
Алга,,Рино
Александрия,,Ричмонд
Алиага,,Роли
Алигарх,,Сакраменто
Алипур,,Сан-Антонио
Алипур-Чатха,,Сан-Бернардино
Аллахабад,,Сан-Диего
Алма-Ата,,Санта-Ана
Алтынова,,Сан-Франциско
Алтынова,,Сан-Хосе
Алтынолук,,Северный Лас-Вегас
Аль-Ауджа,,Сент-Луис
Алячаты,,Сент-Питерсберг
Амасья,,Сент-Пол
Амбалангода,,Сиэтл
Амбон,,Скоттсдейл
Амират,,Стоктон
Амман,,Талса
Амоль,,Тампа
Ампара,,Толедо
Амритсар,,Тусон
Анамур,,Уинстон-Сейлем
Андимешк,,Уичито
Андырын,,Филадельфия
Анкара,,Финикс
Антакья,,Форт-Уэйн
Анталья,,Форт-Уэрт
Антиполо,,Фресно
Анурадхапура,,Фримонт
Аньшань,,Хайалиа
Аньян,,Хендерсон
Арабан,,Хьюстон
Арад,,Цинциннати
Арадиппоу,,Чандлер
Араклы,,Чесапик
Аральск,,Чикаго
Ардахан,,Чула-Виста
Ардебиль,,Шарлотт
Ардешен,,Эль-Пасо
Арифвала,,
Ариэль,,
Аркалык,,
Армуталан,,
Арнавуткёй,,
Ар-Русайфа,,
Арсин,,
Артвин,,
Архави,,
Аръар,,
Арыс,,
Арыташ,,
Асансол,,
Аскан Абу Нусайр,,
Асмэра,,
Ас-Сарих,,
Астана,,
Астара,,
Ас-Хусун,,
Атакент,,
Атаюрт,,
Атбасар,,
Атток,,
Атча,,
Атырау,,
Аурангабад,,
Афак,,
Афула,,
Афшин,,
Афьон,,
Ахваз,,
Ахлат,,
Ахмадабад,,
Ахмадпур-Ист,,
Ахметли,,
Ахсу,,
Ашдод,,
Ашкале,,
Ашкелон,,
Аягуз,,
Аянджик,,
Аяш,,
Баакуба,,
Бабаэски,,
Баболь,,
Багдад,,
Багдад,,
Бадах,,
Бадийя,,
Бадин,,
Бадулла,,
Байбурт,,
Байджи,,
Байконур,,
Байрамич,,
Байт Рас,,
Бай-Феру,,
Байындыр,,
Бака-Джат,,
Баколод,,
Баку,,
Балад,,
Балангода,,
Баликпапан,,
Балхаш,,
Балыкесир,,
Балыкчы,,
Баля,,
Баназ,,
Бангалор,,
Бангкок,,
Банда-Ачех,,
Бандаравела,,
Бандар-Лампунг,,
Банджар,,
Банджарбару,,
Банджармасин,,
Бандунг,,
Бандырма,,
Банну,,
Баодин,,
Баотоу,,
Барда,,
Барели,,
Барисал,,
Барка,,
Бартын,,
Басирпур,,
Басра,,
Батам,,
Баткен,,
Бат-Кхела,,
Батман,,
Батталгази,,
Баттикалоа,,
Бату,,
Бат-Ям,,
Баубау,,
Баушар,,
Бафра,,
Бахавалнагар,,
Бахавалпур,,
Бахла,,
Бахче,,
Башискеле,,
Башкале,,
Баят,,
Бегумгандж,,
Беёглу,,
Бейлаган,,
Бейликдюзю,,
Бейпазары,,
Бейрут,,
Бейтар-Илит,,
Бейт-Шеан,,
Бейт-Шемеш,,
Бейшехир,,
Бекаси,,
Бекбеле,,
Белдиби,,
Белен,,
Белоканы,,
Бендер-Аббас,,
Бени-Бу-Али,,
Бенкулу,,
Бергама,,
Берлин,,
Берувала,,
Бесни,,
Бехбехан,,
Бешикдюзю,,
Бешири,,
Беэр-Шева,,
Бига,,
Бигадич,,
Бидбид,,
Биледжик,,
Биляд-Бени-Бу-Хасан,,
Билясувар,,
Бима,,
Бингёль,,
Бинджай,,
Бирдженд,,
Биреджик,,
Бисмил,,
Битез,,
Битлис,,
Битунг,,
Бишкек,,
Блитар,,
Бней-Брак,,
Богазлыян,,
Богор,,
Богота,,
Богра,,
Боджнурд,,
Бодрум,,
Боздоган,,
Бозкыр,,
Бозова,,
Бозьязы,,
Бозююк,,
Болвадин,,
Болу,,
Бонтанг,,
Бор,,
Боруджерд,,
Борчка,,
Бостанбаши,,
Бостаниджи,,
Боябат,,
Брахманбария,,
Брисбен,,
Буджак,,
Букан,,
Букиттинги,,
Булаево,,
Буланджак,,
Буланык,,
Булдан,,
Бурайда,,
Бурайми,,
Бурдур,,
Буревала,,
Бурса,,
Бурханийе,,
Бухаркент,,
Бушир,,
Бхайраб,,
Бхаккар,,
Бхалвал,,
Бхера,,
Бхилаи,,
Бхопал,,
Бюньян,,
Бююкёнджали,,
Бююкчекмедже,,
Вавуния,,
Вади ас-Сир,,
Вади-Эль-Маавиль,,
Вадодара,,
Вазирабад,,
Вакфыкебир,,
Валветтитурай,,
Валенсуэла,,
Ван,,
Варамин,,
Варанаси,,
Варто,,
Васаи-Вирар,,
Ваттала,,
Ваттегама,,
Вах,,
Везиркёпрю,,
Велигама,,
Велимеше,,
Виджаявада,,
Визе,,
Вираншехир,,
Вихари,,
Вишакхапатнам,,
Вэйфан,,
Вэйхай,,
Вэньчжоу,,
Габала,,
Гавр аш-Шафи,,
Газах,,
Газиабад,,
Газиантеп,,
Газипаша,,
Газипур,,
Гаккар,,
Галле,,
Гампаха,,
Гампола,,
Гаосюн,,
Гарчак,,
Гвадар,,
Гвалиор,,
Гебзе,,
Геваш,,
Гедиз,,
Гейве,,
Гелиболу,,
Гелинкая,,
Гемлик,,
Генерал-Сантос,,
Генч,,
Геокчай,,
Геранбой,,
Гереде,,
Герзе,,
Гермасогея,,
Герменджик,,
Герцлия,,
Гёзджюлер,,
Гёйгёль,,
Гёйнюк,,
Гёйтепе,,
Гёксун,,
Гёкче,,
Гёкчебей,,
Гёле,,
Гёлкёй,,
Гёльбаши,,
Гёльджюк,,
Гёльмаранара,,
Гёльхисар,,
Гёляка,,
Гёнен,,
Гёрдес,,
Гёреле,,
Гиватаим,,
Гиват-Шмуэль,,
Гивриг,,
Гиресун,,
Гирин,,
Гобустан,,
Годжра,,
Голестан,,
Гомбеде-Кавус,,
Гонконг,,
Горадиз,,
Горган,,
Горонтало,,
Готки,,
Гуанчжоу,,
Гуанчжоу,,
Губа,,
Гувахати,,
Гуджар-Хан,,
Гуджранвала,,
Гуджрат,,
Гуйян,,
Гунунгситоли,,
Гусары,,
Гюльшехир,,
Гюлюч,,
Гюмюшхаджикёй,,
Гюмюшхане,,
Гюргентепе,,
Гюроймак,,
Гюрсу,,
Гюрюн,,
Гянджа,,
Давао,,
Давутлар,,
Даду,,
Дакка,,
Даламан,,
Дали,,
Далимамедли,,
Далянь,,
Дамаск,,
Дамбулла,,
Даммам,,
Данк,,
Даргечит,,
Даренде,,
Дарыджа,,
Даска,,
Дасмариньяс,,
Датун,,
Датча,,
Дахарки,,
Дахран,,
Дахук,,
Дацин,,
Дашкесан,,
Девели,,
Деврек,,
Дели,,
Демирджи,,
Демре,,
Денизджилер,,
Денизли,,
Денпасар,,
Депок,,
Дера-Аллах-Яр,,
Дера-Гази-Хан,,
Дера-Исмаил-Хан,,
Дера-Мурад-Джамали,,
Державинск,,
Дерик,,
Дериндже,,
Деринкую,,
Дехивала-Маунт-Лавиния,,
Дёртъёл,,
Джабалпур,,
Джайпур,,
Джакарта,,
Джалал-Абад,,
Джалалпур,,
Джалалпур-Пирвала,,
Джалилабад,,
Джамалпур,,
Джамби,,
Джампур,,
Джанг,,
Джаранвала,,
Джараш,,
Джатой,,
Джафна,,
Джахангира,,
Джа-Эла,,
Джаяпура,,
Джейкобабад,,
Джейланпынар,,
Джейхан,,
Джелам,,
Дженайда,,
Джессор,,
Джехром,,
Джидда,,
Джидд-Хафс,,
Джизан,,
Джизре,,
Джикджилли,,
Джиханбейли,,
Джодхпур,,
Джокьякарта,,
Джохарабад,,
Джульфа,,
Дивриги,,
Диджле,,
Дидим,,
Дизфуль,,
Дикили,,
Дилек,,
Диловасы,,
Дима-Ват-Таиин,,
Димона,,
Дина,,
Динаджпур,,
Динар,,
Динга,,
Динчжоу,,
Дипалпур,,
Диядын,,
Диярбакыр,,
Доганшехир,,
Догубайазет,,
Доруд,,
Дубай,,
Дуллевала,,
Думай,,
Дунгуань,,
Дунтай,,
Дунъин,,
Дуньяпур,,
Дураган,,
Дурсунбей,,
Дюздже,,
Дюзиджи,,
Евлах,,
Екатеринбург,,
Енидже,,
Енидже,,
Енидже,,
Ениджеоба,,
Еникёй,,
Еничифтлик,,
Енишехир,,
Ереван,,
Ерейментау,,
Еркёй,,
Есик,,
Есиль,,
Ешилли,,
Ешилхисар,,
Ешильюрт,,
Жанаозен,,
Жанатас,,
Жаркент,,
Жезказган,,
Жем,,
Жетысай,,
Житикара,,
Жоб,,
Жугао,,
Жуйань,,
Заболь,,
Зайсан,,
Закаталы,,
Замбоанга,,
Зара,,
Зардоб,,
Захедан,,
Захир-Пир,,
Заху,,
Зейтинли,,
Зекириякёй,,
Зенджан,,
Зиле,,
Зонгулдак,,
Зыряновск,,
Ибра,,
Ибри,,
Иерусалим,,
Изе,,
Изки,,
Измир,,
Измит,,
Илам,,
Имамоглу,,
Имишли,,
Индаур,,
Инджесу,,
Инегёль,,
Инчхон,,
Иньчуань,,
Иокогама,,
Ипсала,,
Ипсонас,,
Ираншехр,,
Ирбид,,
Искандария,,
Искендерун,,
Исламабад,,
Исламшехр,,
Исмаиллы,,
Испарта,,
Исфана,,
Исфахан,,
Иу,,
Ичан,,
Йезд,,
Йехуд-Моноссон,,
Йешилкёй,,
Йодемиш,,
Йозгат,,
Йокнеам,,
Йомра,,
Йылдызели,,
Кабала,,
Кабиль,,
Кабирвала,,
Кавак,,
Кавасаки,,
Кагаян-де-Оро,,
Кагызман,,
Кадамжай,,
Кадам-Расул,,
Кадирли,,
Кадуганнава,,
Кадынкеди,,
Кадыханы,,
Казалинск,,
Казан,,
Казвин,,
Каинды,,
Каир,,
Кайсери,,
Калансуа,,
Кале,,
Каледжик,,
Калиакаир,,
Калмунай,,
Калоокан,,
Калоокан,,
Калутара,,
Калькутта,,
Кальян,,
Камалия,,
Каман,,
Камбар,,
Камоке,,
Камра,,
Кангал,,
Канди,,
Кандхот,,
Кандыагаш,,
Кандыра,,
Кано,,
Канпур,,
Кант,,
Капаклы,,
Капчагай,,
Караагач,,
Кара-Балта,,
Карабеджей,,
Карабюк,,
Караганда,,
Карадениз Эрегли,,
Каражал,,
Карайилан,,
Карайсалы,,
Каракёпрю,,
Каракоджан,,
Каракол,,
Кара-Куль,,
Караман,,
Карамюрсель,,
Карапынар,,
Карапюрчек,,
Карасу,,
Кара-Суу,,
Каратау,,
Караташ,,
Карачи,,
Карачобан,,
Карачулха,,
Караягач,,
Каргыпынары,,
Каркаралинск,,
Кармиэль,,
Карс,,
Картепе,,
Каскелен,,
Кастамону,,
Касур,,
Катманду,,
Като Полемидия,,
Каттанкуди,,
Катунаяке,,
Кафр-Касем,,
Кахи,,
Кахна-Нау,,
Кахраманмараш,,
Кахрор-Пакка,,
Кахта,,
Кашан,,
Каэмшехр,,
Каянашли,,
Каяпынар,,
Кванджу,,
Кветта,,
Кегалле,,
Кедабек,,
Кедири,,
Келания,,
Келькит,,
Кемальпаша,,
Кемер,,
Кемин,,
Кендари,,
Кентау,,
Кепез,,
Кербела,,
Кербен,,
Кередж,,
Керман,,
Керманшах,,
Кескин,,
Кесон-Сити,,
Кестел,,
Кестель,,
Кечиборлу,,
Кешан,,
Кешап,,
Кёйджегиз,,
Кёрфез,,
Кёшк,,
Кила-Дисар-Сингх,,
Килимли,,
Килис,,
Киншаса,,
Киото,,
Кираз,,
Киркук,,
Кирьят-Ата,,
Кирьят-Бялик,,
Кирьят-Гат,,
Кирьят-Малахи,,
Кирьят-Моцкин,,
Кирьят-Оно,,
Кирьят-Шмона,,
Кирьят-Ям,,
Кишоргандж,,
Кобе,,
Кованджилар,,
Коджаали,,
Козаклы,,
Козан,,
Козлу,,
Козлук,,
Коимбатур,,
Кок-Джангак,,
Кокс-Базар,,
Кокшетау,,
Колката,,
Колката,,
Коломбо,,
Колоннава,,
Комилла,,
Комилла-Садар-Дакшин,,
Конаджик,,
Конаклы,,
Конья,,
Корган,,
Коркутели,,
Кору,,
Костанай,,
Кота,,
Кот-Абдул-Малик,,
Кот-Адду,,
Котамобагу,,
Кот-Моман,,
Кот-Радха-Кишан,,
Котри,,
Кохат,,
Кочкор-Ата,,
Куала-Лумпур,,
Кудс,,
Кузуджулу,,
Кулияпития,,
Кулу,,
Кульп,,
Кульсары,,
Кум,,
Кумлуджа,,
Кумру,,
Кундиан,,
Куньмин,,
Куньшань,,
Купанг,,
Кураима,,
Курейят,,
Курталан,,
Курунегала,,
Курчатов,,
Куфриндша,,
Кучан,,
Кушадасы,,
Куштия,,
Куюджак,,
Кфар-Сава,,
Кхариян,,
Кхулна,,
Кызылджахамам,,
Кызыл-Кия,,
Кызылорда,,
Кызылпынар,,
Кызылтепе,,
Кынык,,
Кыркагач,,
Кыркларели,,
Кыршехир,,
Кырыккале,,
Кырыкхан,,
Кюрдамир,,
Кютахья,,
Кючюкдалян,,
Кючюккёй,,
Лагос,,
Ладик,,
Ладик,,
Лакатамия,,
Лакки-Марват,,
Лакхнау,,
Лаламуса,,
Лалиан,,
Лангса,,
Ланьчжоу,,
Лапсеки,,
Ларкана,,
Ларнака,,
Лас-Пиньяс,,
Лахор,,
Лация,,
Ленгер,,
Ленкорань,,
Лерик,,
Леях,,
Лиакатпур,,
Лива,,
Лидже,,
Лима,,
Лиман,,
Лимасол,,
Линьи,,
Линьчжоу,,
Лисаковск,,
Лод,,
Лодхран,,
Лондон,,
Лоралай,,
Лос-Анджелес,,
Лоян,,
Луанда,,
Лубуклингау,,
Лудхевала-Вараич,,
Лудхияна,,
Лхоксёмаве,,
Люлебургаз,,
Лючжоу,,
Люян,,
Ляньюньган,,
Маале-Адумим,,
Маалот-Таршиха,,
Маан,,
Мавикент,,
Магеланг,,
Мадаба,,
Мадинат-Иса,,
Мадинат-Хамад,,
Мадиун,,
Мадрид,,
Мадурай,,
Мазыдаги,,
Маилси,,
Майлуу-Суу,,
Майсур,,
Макасар,,
Макати,,
Макинск,,
Малазгирт,,
Малайер,,
Малаквал,,
Маланг,,
Малард,,
Малатья,,
Малкара,,
Мамлютка,,
Манавгат,,
Манадо,,
Манама,,
Манах,,
Мандалай,,
Манди-Бахауддин,,
Манила,,
Манила,,
Маниса,,
Маннар,,
Маншехра,,
Марвдешт,,
Мардан,,
Мардин,,
Мардш эль-Хамам,,
Марикина,,
Мармараэреглиси,,
Мармарис,,
Масаллы,,
Масджид-Солейман,,
Маскат,,
Маснаа,,
Мастунг,,
Матале,,
Матара,,
Матарам,,
Матли,,
Матрах,,
Махмутлар,,
Махшехр,,
Мачка,,
Медан,,
Медина,,
Мезитли,,
Мекка,,
Мендерес,,
Менемен,,
Мераге,,
Мератх,,
Меренд,,
Мерзифон,,
Мерсин,,
Меса Геитония,,
Метро,,
Мехабад,,
Мехико,,
Мешхед,,
Миандоаб,,
Мигдаль-ха-Эмек,,
Мидьят,,
Миляс,,
Мименсингх,,
Мингечевир,,
Мингора,,
Минувангода,,
Мирбат,,
Мирпур-Матхело,,
Мирпур-Хас,,
Миянвали,,
Миян-Чаннун,,
Моджокерто,,
Модиин-Илит,,
Модиин-Маккабим-Реут,,
Монерагала,,
Морадабад,,
Моратува,,
Моро,,
Москва,,
Москва,,
Мосул,,
Мугла,,
Муданья,,
Мудейби,,
Муджур,,
Музаффаргарх,,
Муктадия,,
Мултан,,
Мумбаи,,
Мунтинлупа,,
Мурадийе,,
Муридке,,
Муртали,,
Мустафабад,,
Мустафакемальпаша,,
Мут,,
Мухаррак,,
Мучаям Хеттен,,
Муш,,
Навабгандж,,
Навабшах,,
Навалапития,,
Нави Мумбаи,,
Нагария,,
Нагоя,,
Нагпур,,
Наджафабад,,
Наджран,,
Назарет,,
Назва,,
Назилли,,
Наллыхан,,
Нанкана-Сахиб,,
Нанкин,,
Наньнин,,
Наньтун,,
Наньчан,,
Наогаон,,
Наранг,,
Нараянгандж,,
Нарлиджа,,
Нарлы,,
Наровал,,
Нарсингди,,
Нарын,,
Насирия,,
Наур,,
Наушера,,
Наушера-Виркан,,
Нафталан,,
Нахаль,,
Нахичевань,,
Нацерет-Иллит,,
Нашик,,
Невшехир,,
Негомбо,,
Нейпьидо,,
Несимшехр,,
Нес-Циона,,
Нетания,,
Нетивот,,
Нефтечала,,
Нешер,,
Нигде,,
Нижний Новгород,,
Низип,,
Никосия,,
Никсар,,
Нинбо,,
Нишапур,,
Ноакхали,,
Новосибирск,,
Ноокат,,
Нувара-Элия,,
Нурдаги,,
Нусайбин,,
Нью-Йорк,,
Обакёй,,
Оваэмир,,
Огуз,,
Огузели,,
Одабашы,,
Озальп,,
Окара,,
Олту,,
Ондокузмайис,,
Ор-Акива,,
Орду,,
Ордубад,,
Ор-Йехуда,,
Орловка,,
Ортаджа,,
Ортакёй,,
Ортаклар,,
Орхангази,,
Орханели,,
Осака,,
Османджик,,
Османели,,
Османие,,
Оф,,
Офаким,,
Ош,,
Пабби,,
Пабна,,
Павлодар,,
Пагаралам,,
Паданг,,
Падангпанджанг,,
Падангсидемпуан,,
Пазар,,
Пазарджик,,
Пайяс,,
Пакдешт,,
Пакпаттан,,
Паланкарая,,
Палембанг,,
Палопо,,
Палу,,
Палу,,
Памукова,,
Панадура,,
Панкалпинанг,,
Пано-Акил,,
Паралимни,,
Паранак,,
Парепаре,,
Париаман,,
Пасиг,,
Пасинлер,,
Пасни,,
Пасрур,,
Пасуруан,,
Патна,,
Патнос,,
Паттоки,,
Пафос,,
Паякумбух,,
Пекалонган,,
Пеканбару,,
Пекин,,
Пекин,,
Пекин,,
Пелитли,,
Пелиягода,,
Пематангсиантар,,
Пертек,,
Першембе,,
Петах-Тиква,,
Петропавловск,,
Пешавар,,
Пимпри-Чинчвад,,
Пинарбаши,,
Пинди-Бхаттиан,,
Пиндигхеб,,
Пинду,,
Пиразиз,,
Пирмахал,,
Пномпень,,
Позанты,,
Пойнт Педро,,
Полатлы,,
Понтианак,,
Прабумулих,,
Приозёрск,,
Проболинго,,
Пуна,,
Пунин,,
Пурсаклар,,
Пусан,,
Путталам,,
Путянь,,
Пхеньян,,
Пынархисар,,
Раанана,,
Рабвах,,
Равалпинди,,
Раджанпур,,
Раджкот,,
Раджшахи,,
Рамат-Ган,,
Рамат-ха-Шарон,,
Рамла,,
Рангпур,,
Ранчи,,
Ратнапура,,
Ратодеро,,
Рафсанджан,,
Рахат,,
Рахимъярхан,,
Рейханлы,,
Ренала-Хурд,,
Реховот,,
Решадийе,,
Решт,,
Риддер,,
Ризе,,
Рио-де-Жанейро,,
Рисалпур,,
Ришон-ле-Цион,,
Рохри,,
Рош-ха-Аин,,
Рудный,,
Рустак,,
Саатлы,,
Сабанг,,
Сабирабад,,
Савар,,
Савахлунто,,
Саваштепе,,
Саве,,
Савуджа,,
Савур,,
Садикабад,,
Саидпур,,
Сайтама,,
Сакака,,
Саккез,,
Сакчагёзе,,
Салала,,
Салатига,,
Салихли,,
Салян,,
Самандаг,,
Самаринда,,
Самарра,,
Самбриал,,
Саммундри,,
Самсун,,
Самух,,
Сана,,
Сангала-Хилл,,
Сангхар,,
Санджактепе,,
Сандыклы,,
Санкт-Петербург,,
Санкт-Петербург,,
Сан-Паулу,,
Сантьяго,,
Сан-Хосе-дель-Монте,,
Сапанджа,,
Саппоро,,
Сараёню,,
Сарай,,
Сарай-Аламгир,,
Сарайкент,,
Сарайкёй,,
Сарань,,
Саргодха,,
Сари,,
Сарканд,,
Саруханлы,,
Сарыагаш,,
Сарыгёль,,
Сарыкамыш,,
Сарыкая,,
Сарылар,,
Сасон,,
Саткхира,,
Сатпаев,,
Сафранболу,,
Сахаб,,
Сахивал,,
Сахивал,,
Сахилькент,,
Сахм,,
Сахнин,,
Сваби,,
Сдерот,,
Себзевар,,
Себу,,
Сейдишехир,,
Сельчук,,
Семаранг,,
Семей,,
Семнан,,
Сендай,,
Сенендедж,,
Серанг,,
Сергеевка,,
Серебрянск,,
Серик,,
Серинхисар,,
Сериньол,,
Сеул,,
Сеферихисар,,
Сехван,,
Сёгют,,
Сёгютлю,,
Сёгютлю,,
Сёке,,
Сиазань,,
Сиань,,
Сиб,,
Сиби,,
Сиболга,,
Сивас,,
Сиверек,,
Сиврихисар,,
Сигирия,,
Сиде,,
Сиирт,,
Силван,,
Силиври,,
Силифке,,
Силопи,,
Силхет,,
Симав,,
Сингапур,,
Синин,,
Синкаванг,,
Синоп,,
Синьбэй,,
Синьсян,,
Сираджгандж,,
Сирджан,,
Ситавакапура,,
Ситра,,
Сиялкот,,
Солок,,
Сольхан,,
Сома,,
Соннам,,
Соргун,,
Соронг,,
Сохар,,
Сринагар,,
Стамбул,,
Стамбул,,
Степногорск,,
Степняк,,
Строволос,,
Субулассалам,,
Сувайлих,,
Сувейк,,
Сувон,,
Сукабуми,,
Суккур,,
Сулеймания,,
Султанбейли,,
Султанкёй,,
Султанханы,,
Сулуова,,
Сулюкта,,
Сумаил,,
Сумгайыт,,
Сунгайпенух,,
Сунгурлу,,
Сур,,
Сурабая,,
Суракарта,,
Сурат,,
Суруч,,
Сусурлук,,
Сучжоу,,
Сушехри,,
Сындыргы,,
Сюйчан,,
Сюйчжоу,,
Сюрмене,,
Сямынь,,
Сянтань,,
Сянъян,,
Табук,,
Тавас,,
Тавшанлы,,
Тагиг,,
Таджи,,
Тайбе,,
Тайбэй,,
Тайчжоу,,
Тайчжоу,,
Тайчжун,,
Тайынша,,
Тайюань,,
Така,,
Таксила,,
Талавакеле,,
Талаганг,,
Талас,,
Талас,,
Талгар,,
Талдыкорган,,
Талль-Афар,,
Тамра,,
Тангайл,,
Тангалле,,
Тангеранг,,
Тангеранг-Селатан,,
Танджунгбалай,,
Танджунгпинанг,,
Тандлианвала,,
Тандо-Адам,,
Тандо-Аллах-Яр,,
Тандо-Мухаммад-Хан,,
Танк,,
Таншань,,
Тарабо,,
Тараз,,
Таракан,,
Тарсус,,
Тасикмалая,,
Татван,,
Татта,,
Тауз,,
Таунса,,
Тахт-и-Бахи,,
Ташкент,,
Ташкёпрю,,
Таш-Кумыр,,
Ташова,,
Ташуджу,,
Тбилиси,,
Тверия,,
Тебингтинги,,
Тебриз,,
Тегал,,
Тегеран,,
Текебаши,,
Текели,,
Текирдаг,,
Теккекёй,,
Телль-Кайф,,
Тель-Авив,,
Темир,,
Темиртау,,
Терме,,
Тернате,,
Тертер,,
Тёмюк,,
Тидоре,,
Тикрит,,
Тила эль-Али,,
Тимергара,,
Тира,,
Тират-Кармель,,
Тиреболу,,
Тируппур,,
Тирэ,,
Тоба-Тек-Сингх,,
Токат,,
Токио,,
Токмок,,
Токтогул,,
Томарза,,
Томохон,,
Тонги,,
Тонья,,
Топи,,
Топраккале,,
Торбалы,,
Торбате-Хейдарийе,,
Торонто,,
Тосья,,
Трабзон,,
Тринкомали,,
Туал,,
Тузлуджа,,
Тунджели,,
Тунчбилек,,
Турбат,,
Тургутальп,,
Тургутлу,,
Тургутрейс,,
Туркестан,,
Турунчова,,
Турхал,,
Тхане,,
Тэгу,,
Тэджон,,
Тэнчжоу,,
Тюркоглу,,
Тяньцзинь,,
Тяньцзинь,,
Уджары,,
Узген,,
Узункёпрю,,
Улан-Батор,,
Улуборлу,,
Улудере,,
Улукышла,,
Ульсан,,
Умеркот,,
Ум Кес,,
Умм-Каср,,
Умм-эль-Фахм,,
Умурлу,,
Унайза,,
Уральск,,
Урла,,
Урмия,,
Урумчи,,
Уси,,
Уста-Мухаммад,,
Усть-Каменогорск,,
Ухань,,
Уху,,
Учарал,,
Ушак,,
Уштобе,,
Фаллуджа,,
Фаридабад,,
Фаридпур,,
Фатса,,
Фейсалабад,,
Фени,,
Феризли,,
Ферозвала,,
Фетхие,,
Финике,,
Форт-Аббас,,
Форт-Шевченко,,
Фоча,,
Фошань,,
Фукуока,,
Фуцинь,,
Фучжоу,,
Фушунь,,
Фындыклы,,
Хабура,,
Хавели,,
Хавелиан,,
Хавран,,
Хавса,,
Хадали,,
Хадера,,
Хаджилар,,
Хадита,,
Хазва,,
Хаиль,,
Хайдарабад,,
Хайдарабад,,
Хайраболу,,
Хайрпур,,
Хайфа,,
Хайчэн,,
Хаккари,,
Хала,,
Халабат,,
Халабджа,,
Халеб,,
Халфети,,
Хамадан,,
Хамбантота,,
Хамис-Мушайт,,
Хамра,,
Ханакин,,
Хангу,,
Ханевал,,
Хани,,
Ханой,,
Ханпур,,
Ханчжоу,,
Ханчжоу,,
Ханьдань,,
Хапутале,,
Харан,,
Харбийе,,
Харбин,,
Харипур,,
Хариспаттува,,
Харунабад,,
Хасаб,,
Хасан-Абдал,,
Хасилпур,,
Хаскёй,,
Хасса,,
Хаттон,,
Хафар-эль-Батин,,
Хафизабад,,
Хачмаз,,
Хаямана,,
Хекимхан,,
Хендек,,
Хизан,,
Хилла,,
Хильван,,
Хиросима,,
Хит,,
Ховрах,,
Ход-ха-Шарон,,
Хой,,
Хойчжоу,,
Холон,,
Хомейнишехр,,
Хоназ,,
Хопа,,
Хорана,,
Хорасан,,
Хорремабад,,
Хорремшехр,,
Хошимин,,
Хромтау,,
Хуайань,,
Хуайбэй,,
Хуайнань,,
Хуб,,
Худат,,
Худжра-Шах-Муким,,
Хуздар,,
Хурайбат ас-Сук,,
Хурианвала,,
Хух-Хото,,
Хучжоу,,
Хушаб,,
Хызы,,
Хыныс,,
Хырдалан,,
Хэфэй,,
Цанчжоу,,
Цзаочжуан,,
Цзимо,,
Цзинань,,
Цзинин,,
Цзиньцзян,,
Цзиньчжоу,,
Цзоучэн,,
Цзыбо,,
Цзюлун,,
Цзямусы,,
Цзянмэнь,,
Цзясин,,
Цидун,,
Циндао,,
Циньхуандао,,
Цицикар,,
Цфат,,
Цыси,,
Цюаньчжоу,,
Чавакачери,,
Чаглаянджерит,,
Чаели,,
Чай,,
Чайджума,,
Чайыралан,,
Чайырова,,
Чайырхан,,
Чаквал,,
Чак-Джумра,,
Чалдыран,,
Чаман,,
Чамаш,,
Чан,,
Чанаккале,,
Чандигарх,,
Чандпур,,
Чанкыры,,
Чанчжоу,,
Чанчунь,,
Чанша,,
Чаншу,,
Чардара,,
Чарсадда,,
Чаршамба,,
Чаршибаши,,
Чаталагзи,,
Чаталджа,,
Чекерек,,
Чекмедже,,
Чекмекёй,,
Челебибагы,,
Челикхан,,
Ченнаи,,
Черкезкёй,,
Черкеш,,
Чермик,,
Чешме,,
Чжанцзяган,,
Чжанцзякоу,,
Чжанцю,,
Чжаньцзян,,
Чжуншань,,
Чжуцзи,,
Чжучжоу,,
Чжучэн,,
Чжэнчжоу,,
Чжэньцзян,,
Чивриль,,
Чикаго,,
Чилав,,
Чилегон,,
Чилимли,,
Чимахи,,
Чинар,,
Чинарджик,,
Чине,,
Чиниот,,
Чиребон,,
Читрал,,
Читтагонг,,
Чифтелер,,
Чифтликкёй,,
Чифэн,,
Чичаватни,,
Чичекдагы,,
Чиштиан-Манди,,
Чобанлар,,
Чолаклы,,
Чолпон-Ата,,
Чорлу,,
Чорум,,
Чоук-Азам,,
Чуаданга,,
Чубук,,
Чукурджа,,
Чумра,,
Чуниан,,
Чунцин,,
Чунцин,,
Чухар-Кана,,
Чханвон,,
Чэнду,,
Шабкадар,,
Шабран,,
Шакаргарх,,
Шалкар,,
Шамкир,,
Шанлыурфа,,
Шанхай,,
Шанхай,,
Шаньтоу,,
Шаосин,,
Шар,,
Шаркёй,,
Шарки-Караагач,,
Шаркышла,,
Шарур,,
Шафа Бадран,,
Шахбуз,,
Шахдадкот,,
Шахдадпур,,
Шахиншехр,,
Шахкот,,
Шахруд,,
Шахтинск,,
Шебинкарахисар,,
Шекероба,,
Шеки,,
Шекхупура,,
Шемаха,,
Шемдинли,,
Шемонаиха,,
Шерефликочхисар,,
Шефаатли,,
Шефарам,,
Шехреза,,
Шехре-Корд,,
Шехрияр,,
Шиддхиргандж,,
Шикарпур,,
Шиле,,
Шинас,,
Шираз,,
Ширан,,
Ширван,,
Ширнак,,
Шицзячжуан,,
Шопоков,,
Шоркот,,
Шри-Джаяварденепура-Котте,,
Шрипур,,
Шу,,
Шуджабад,,
Шухут,,
Шымкент,,
Шэньчжэнь,,
Шэньян,,
Шэньян,,
Щучинск,,
Ыгдыр,,
Ыдиль,,
Ызник,,
Ылгаз,,
Ылгын,,
Ылыджа,,
Ынджирлиова,,
Ынеболу,,
Ысджехисар,,
Ыскилип,,
Ыслахийе,,
Ысмил,,
Ычеричумра,,
Ышыклар,,
Эгирдир,,
Эд-Даур,,
Эд-Дивания,,
Эдирне,,
Эдремит,,
Эдремит,,
Эз-Зарка,,
Эз-Зубайр,,
Эзине,,
Эйлат,,
Эйнесил,,
Экибастуз,,
Элешкирт,,
Элмадаг,,
Элмалы,,
Эльад,,
Эль-Амара,,
Эль-Бака,,
Эльбистан,,
Эль-Будайи,,
Эль-Джубайль,,
Эль-Джубейха,,
Эль-Кайм,,
Эль-Камиль-Валь-Вафи,,
Эль-Карак,,
Эль-Катиф,,
Эль-Кувейсима,,
Эль-Курайят,,
Эль-Кут,,
Эль-Маликия,,
Эль-Мафрак,,
Эль-Машарика,,
Эль-Хавийя,,
Эль-Хадд,,
Эль-Хардж,,
Эль-Хасимия,,
Эль-Хубар,,
Эль-Хуфуф,,
Элязыг,,
Эмба,,
Эмет,,
Эмирдаг,,
Энзели,,
Энкоми,,
Эн-Наджаф,,
Эравур,,
Эрак,,
Эрбаа,,
Эрбиль,,
Эргани,,
Эрдек,,
Эрдемли,,
Эрджиш,,
Эрегли,,
Эрзинджан,,
Эрзинь,,
Эрзурум,,
Эрменек,,
Эр-Рамади,,
Эр-Рамта,,
Эр-Рифа,,
Эр-Рияд,,
Эр-Рутба,,
Эрух,,
Эсеньюрт,,
Эскиль,,
Эскишехир,,
Эспийе,,
Эс-Салт,,
Эс-Самава,,
Эт-Таиф,,
Эт-Тафила,,
Эт-Тукба,,
Эшме,,
Эш-Шамия,,
Юйчжоу,,
Юйшу,,
Юксекова,,
Юнак,,
Юнье,,
Юргюп,,
Юртбашы,,
Явне,,
Яглыдере,,
Языконак,,
Якынджа,,
Ялвач,,
Ялова,,
Ялыкавак,,
Янбу-эль-Бахр,,
Янгон,,
Янкуль,,
Янчжоу,,
Яньтай,,
Яньчэн,,
Ярдымлы,,
Ясудж,,
Ятаган,,
Яхшихан,,
Яхьялы,,
